urls,relevancia
http://blog.eletronlivre.com.br/2012/11/automacao-residencial-com-arduino-na.html?showComment=1395439276335#c2205705208535663771,0.73801547545033
http://blog.eletronlivre.com.br/2012/11/automacao-residencial-com-arduino-na.html?showComment=1412034056968#c16583212840844011,0.73801547545033
http://blog.eletronlivre.com.br/2012/11/automacao-residencial-com-arduino-na.html?showComment=1394048628766#c5133165930251706422,0.73801547545033
http://blog.eletronlivre.com.br/2012/11/automacao-residencial-com-arduino-na.html?showComment=1411943399023#c8454563856010376643,0.73801547545033
http://blog.eletronlivre.com.br/2012/11/automacao-residencial-com-arduino-na.html?showComment=1379201111776#c6213183899254222116,0.73801547545033
http://blog.eletronlivre.com.br/2012/11/automacao-residencial-com-arduino-na.html?showComment=1352862065981#c4040874350884060608,0.73801547545033
http://blog.eletronlivre.com.br/2012/11/automacao-residencial-com-arduino-na.html?showComment=1394949482242#c1962600725816278469,0.73801547545033
http://blog.eletronlivre.com.br/2012/11/automacao-residencial-com-arduino-na.html?showComment=1380246703113#c6753949062522834968,0.73801547545033
http://blog.eletronlivre.com.br/2012/11/automacao-residencial-com-arduino-na.html?showComment=1383614105859#c9091534431554072107,0.73801547545033
http://blog.eletronlivre.com.br/2012/11/automacao-residencial-com-arduino-na.html?showComment=1393890748650#c274204707789257035,0.73801547545033
http://blog.eletronlivre.com.br/2012/11/automacao-residencial-com-arduino-na.html?showComment=1355819207472#c2867643812840594615,0.73801547545033
http://blog.eletronlivre.com.br/2012/11/automacao-residencial-com-arduino-na.html?showComment=1355877350639#c8488911337512830675,0.73801547545033
http://blog.eletronlivre.com.br/2012/11/automacao-residencial-com-arduino-na.html?showComment=1384284398818#c1728387461445116297,0.73801547545033
http://blog.eletronlivre.com.br/2012/11/automacao-residencial-com-arduino-na.html?showComment=1356914562392#c3242687694719836764,0.73801547545033
http://blog.eletronlivre.com.br/2012/11/automacao-residencial-com-arduino-na.html?showComment=1355199093645#c7777941588509914687,0.73801547545033
http://blog.eletronlivre.com.br/2012/11/automacao-residencial-com-arduino-na.html?showComment=1388066765160#c4565521848085540704,0.73801547545033
http://blog.eletronlivre.com.br/2012/11/automacao-residencial-com-arduino-na.html,0.73801547545033
http://blog.eletronlivre.com.br/2012/11/automacao-residencial-com-arduino-na.html?showComment=1394949403303#c8670428262769656829,0.73801547545033
http://blog.eletronlivre.com.br/2012/11/automacao-residencial-com-arduino-na.html?showComment=1352858065806#c2986135795593620676,0.73801547545033
http://blog.eletronlivre.com.br/2012/11/automacao-residencial-com-arduino-na.html?showComment=1352080500321#c6744379445729745333,0.73801547545033
http://blog.eletronlivre.com.br/2012/11/automacao-residencial-com-arduino-na.html?showComment=1394949196090#c3218077814690748591,0.73801547545033
http://blog.eletronlivre.com.br/2012/11/automacao-residencial-com-arduino-na.html?showComment=1355152265719#c3481167234334397475,0.73801547545033
http://blog.eletronlivre.com.br/2012/11/automacao-residencial-com-arduino-na.html?showComment=1355185339622#c7323360338333228802,0.73801547545033
http://blog.eletronlivre.com.br/2012/11/automacao-residencial-com-arduino-na.html?showComment=1374870542445#c2141142813119750872,0.73801547545033
http://blog.eletronlivre.com.br/2012/11/automacao-residencial-com-arduino-na.html?showComment=1356914165926#c9174066201315484678,0.73801547545033
http://blog.eletronlivre.com.br/2012/11/automacao-residencial-com-arduino-na.html?showComment=1395239796328#c8713567584511597974,0.73801547545033
http://blog.eletronlivre.com.br/2012/11/automacao-residencial-com-arduino-na.html?showComment=1352123018446#c7849518049995816405,0.73801547545033
http://blog.eletronlivre.com.br/2012/11/automacao-residencial-com-arduino-na.html?showComment=1418050103879#c7501863909358656845,0.73801547545033
http://blog.eletronlivre.com.br/2012/11/automacao-residencial-com-arduino-na.html?showComment=1352982177948#c2835972450801111919,0.73801547545033
http://blog.eletronlivre.com.br/2012/11/automacao-residencial-com-arduino-na.html?showComment=1352909657345#c6379458080265123907,0.73801547545033
http://blog.eletronlivre.com.br/2012/11/automacao-residencial-com-arduino-na.html?showComment=1352909694632#c5894030401695488417,0.73801547545033
http://blog.eletronlivre.com.br/2012/11/automacao-residencial-com-arduino-na.html?showComment=1353599215193#c8416386751900366295,0.73801547545033
http://blog.eletronlivre.com.br/2012/11/automacao-residencial-com-arduino-na.html?showComment=1352909714421#c5751872347567552951,0.73801547545033
http://blog.eletronlivre.com.br/2012/11/automacao-residencial-com-arduino-na.html?showComment=1352885205589#c8691724909442251502,0.73801547545033
http://blog.eletronlivre.com.br/2012/11/automacao-residencial-com-arduino-na.html?showComment=1352913711872#c1666020612082756281,0.73801547545033
http://blog.eletronlivre.com.br/2012/11/automacao-residencial-com-arduino-na.html?showComment=1355198923150#c6398376298798453678,0.73801547545033
http://blog.eletronlivre.com.br/2012/11/automacao-residencial-com-arduino-na.html?showComment=1364067381288#c5698517094128179472,0.73801547545033
http://blog.eletronlivre.com.br/2012/11/automacao-residencial-com-arduino-na.html?showComment=1374544442861#c5548249048128763295,0.73801547545033
http://blog.eletronlivre.com.br/2012/11/automacao-residencial-com-arduino-na.html?showComment=1364294139230#c8461933823368484031,0.73801547545033
http://blog.eletronlivre.com.br/2012/11/automacao-residencial-com-arduino-na.html?showComment=1380246553263#c2612451194542979411,0.73801547545033
http://blog.eletronlivre.com.br/2012/11/automacao-residencial-com-arduino-na.html?showComment=1374545139985#c5693481745184013037,0.73801547545033
http://blog.eletronlivre.com.br/2012/11/automacao-residencial-com-arduino-na.html?showComment=1380246433581#c7068725702027699318,0.73801547545033
http://blog.eletronlivre.com.br/2012/11/automacao-residencial-com-arduino-na.html?showComment=1380246393057#c9120114939731716661,0.73801547545033
http://blog.eletronlivre.com.br/2012/11/automacao-residencial-com-arduino-na.html?showComment=1374542665733#c2059980458092684160,0.73801547545033
http://blog.eletronlivre.com.br/2012/11/automacao-residencial-com-arduino-na.html?showComment=1380246473776#c6077072696189482840,0.73801547545033
http://blog.eletronlivre.com.br/2012/11/automacao-residencial-com-arduino-na.html?showComment=1353598875135#c9094050314403631271,0.73801547545033
http://blog.eletronlivre.com.br/2012/11/automacao-residencial-com-arduino-na.html?showComment=1353381753695#c9173165411159353620,0.73801547545033
http://blog.eletronlivre.com.br/2012/11/automacao-residencial-com-arduino-na.html?showComment=1352909738205#c3337066746281134126,0.73801547545033
http://blog.eletronlivre.com.br/2012/11/automacao-residencial-com-arduino-na.html?showComment=1380245637570#c5892287652127138867,0.73801547545033
http://blog.eletronlivre.com.br/2012/11/automacao-residencial-com-arduino-na.html?showComment=1355841597000#c1158299164946591202,0.73801547545033
http://blog.eletronlivre.com.br/2012/11/automacao-residencial-com-arduino-na.html?showComment=1355877694793#c806491816159861618,0.73801547545033
http://blog.eletronlivre.com.br/2012/11/automacao-residencial-com-arduino-na.html?showComment=1355856624237#c1558364730286466823,0.73801547545033
http://blog.eletronlivre.com.br/2012/11/automacao-residencial-com-arduino-na.html?showComment=1380246573015#c2226515773262259339,0.73801547545033
http://blog.eletronlivre.com.br/2012/11/automacao-residencial-com-arduino-na.html?showComment=1380246758608#c7083095585796389159,0.73801547545033
http://blog.eletronlivre.com.br/2012/11/automacao-residencial-com-arduino-na.html?showComment=1363180234491#c7367017754156863903,0.73801547545033
http://blog.eletronlivre.com.br/2012/11/automacao-residencial-com-arduino-na.html?showComment=1372865698938#c611837162710625008,0.73801547545033
http://blog.eletronlivre.com.br/2012/11/automacao-residencial-com-arduino-na.html?showComment=1380246011172#c6677673016790326998,0.73801547545033
http://blog.eletronlivre.com.br/2012/11/automacao-residencial-com-arduino-na.html?showComment=1364066060852#c1087839459919477773,0.73801547545033
http://blog.eletronlivre.com.br/2012/11/automacao-residencial-com-arduino-na.html?showComment=1362598444743#c2835942395432678102,0.73801547545033
http://blog.eletronlivre.com.br/2012/11/automacao-residencial-com-arduino-na.html?showComment=1362791660017#c8365529686083838702,0.73801547545033
http://blog.eletronlivre.com.br/2012/11/automacao-residencial-com-arduino-na.html?showComment=1362598616285#c623451979360072884,0.73801547545033
http://blog.eletronlivre.com.br/2012/11/automacao-residencial-com-arduino-na.html?showComment=1380245899463#c4586347297980616331,0.73801547545033
http://blog.eletronlivre.com.br/2012/11/automacao-residencial-com-arduino-na.html?showComment=1363381517281#c7568763486374146751,0.73801547545033
http://blog.eletronlivre.com.br/2012/11/automacao-residencial-com-arduino-na.html?showComment=1380246111961#c3382494218747942832,0.73801547545033
http://blog.eletronlivre.com.br/2012/11/automacao-residencial-com-arduino-na.html?showComment=1380246789228#c8017684175340500384,0.73801547545033
http://blog.eletronlivre.com.br/2012/11/automacao-residencial-com-arduino-na.html?showComment=1363245471904#c4855667746805927033,0.73801547545033
http://blog.eletronlivre.com.br/2012/11/automacao-residencial-com-arduino-na.html?showComment=1362791720477#c5054851716398654854,0.73801547545033
http://blog.eletronlivre.com.br/2012/11/automacao-residencial-com-arduino-na.html?showComment=1374542711737#c6228181894491159019,0.73801547545033
http://blog.eletronlivre.com.br/2012/11/automacao-residencial-com-arduino-na.html?showComment=1380246152189#c6541369099197859704,0.73801547545033
http://blog.eletronlivre.com.br/search/label/Jos%C3%A9%20Luiz%20Sanchez%20Lorenzo,0.61624833654027
http://blog.eletronlivre.com.br/search/label/XBee,0.60823029250288
http://blog.eletronlivre.com.br/search/label/Arduino,0.59199461893571
http://blog.eletronlivre.com.br/2012_11_01_archive.html,0.5846656916728
http://blog.eletronlivre.com.br/search/label/automa%C3%A7%C3%A3o,0.58185108722
http://blog.eletronlivre.com.br/search/label/Jos%C3%A9%20Luiz,0.57706982199451
http://blog.eletronlivre.com.br/2012_12_01_archive.html,0.56823682431527
http://blog.eletronlivre.com.br,0.56663532582203
http://blog.eletronlivre.com.br/2010_03_01_archive.html,0.54634359170119
http://blog.eletronlivre.com.br/search/label/Arduino%20touchscreen%20Jos%C3%A9%20Luiz%20Globalcode%20Brasileirino%20Display%20LCD,0.53776735613778
http://blog.eletronlivre.com.br/search/label/shield,0.5138960254529
http://blog.eletronlivre.com.br/search/label/jhome,0.50836528902102
http://blog.eletronlivre.com.br/2010_07_01_archive.html,0.50697036397207
http://blog.eletronlivre.com.br/search/label/android%20arduino%20google,0.50415469993131
http://blog.eletronlivre.com.br/search/label/dimmer,0.50369369002847
http://blog.eletronlivre.com.br/2009_11_01_archive.html,0.5025668253008
http://blog.eletronlivre.com.br/2010_12_01_archive.html,0.50167820215524
http://blog.eletronlivre.com.br/search/label/Program-ME,0.50108257988743
